<?xml version="1.0"?>

<!-- 
	This build file created for Chapter 23, Using Ant to Run the Selenium tests.
	It shows tests running that start the server in ant, and test running where the server is started by
	the tests themselves.
	It is referenced in Chapter 23.
	Portions were extracted out into the Entity include files to reuse in our other build files.
-->

<!DOCTYPE project [
       <!ENTITY start_stop_selenium SYSTEM "start_stop_selenium.xml">
	   <!ENTITY properties_build_clean_compile_report SYSTEM "properties_build_clean_compile_report.xml">
]>

<project name="Run Selenium Tests" default="all_selenium_tests">

	&properties_build_clean_compile_report;
		
	<target name="run_junit_tests_requiring_server_started">
		<antcall target="start-selenium-server"/>
		
		<junit printsummary="yes" fork="yes" errorproperty="junit.error" failureproperty="junit.error">
			<classpath refid="junit.class.path" />
			<formatter type="xml" />
			<test todir="${testresults}" name="com.eviltester.seleniumtutorials.MyFirstSeleniumTests" />
			<test todir="${testresults}" name="com.eviltester.seleniumtutorials.MySecondSeleniumTests" />
			<test todir="${testresults}" name="com.eviltester.seleniumtutorials.chap18.HTML_form_tests" />
			<test todir="${testresults}" name="com.eviltester.seleniumtutorials.chap19.Static_HTML_tests" />
			<test todir="${testresults}" name="com.eviltester.seleniumtutorials.chap20.JavaScript_With_Selenium_Tests" />
		</junit>
		
		<antcall target="report-junit"/>
		<antcall target="stop-selenium-server"/>
		<fail if="junit.error" message="Selenium test(s) failed.  See reports!"/>
	</target>
	
	<target name="run_junit_tests_requiring_no_server">
		<junit printsummary="yes" fork="yes" errorproperty="junit.error" failureproperty="junit.error">
			<classpath refid="junit.class.path" />
			<formatter type="xml" />
			<test todir="${testresults}" name="com.eviltester.seleniumtutorials.chap21.Start_Selenium_Server_In_A_Test" />
			<test todir="${testresults}" name="com.eviltester.seleniumtutorials.chap15.XpathExamplesAsTests" />
			<test todir="${testresults}" name="com.eviltester.seleniumtutorials.chap16.CSSSelectorExamplesAsTests" />
		</junit>
		
		<antcall target="report-junit"/>
		<fail if="junit.error" message="Selenium test(s) failed.  See reports!"/>
	</target>	

	
    <target name="all_selenium_tests" depends="compile" description="The Main Target for running all tests">
		<antcall target="run_junit_tests_requiring_server_started"/>
    	<antcall target="run_junit_tests_requiring_no_server"/>
    </target>

	&start_stop_selenium;
	
</project>